City_ID,City,Country,Lat,Lng,Max Temp,Humidity,Cloudiness,Wind Speed,Description
0,Rikitea,PF,-23.1203,-134.9692,75.24,72,7,3.67,clear sky
1,Kapaa,US,22.0752,-159.319,75.18,85,0,6.91,clear sky
2,Albany,US,42.6001,-73.9662,46.31,81,100,3.53,light rain
3,Matagami,CA,49.7502,-77.6328,28.51,74,100,9.22,overcast clouds
4,Te Anau,NZ,-45.4167,167.7167,44.96,94,100,1.39,overcast clouds
5,Saint-Philippe,RE,-21.3585,55.7679,72.99,71,1,7.74,clear sky
6,Longyearbyen,SJ,78.2186,15.6401,28.24,86,0,1.14,clear sky
7,Deniliquin,AU,-35.5333,144.9667,51.31,75,0,8.05,clear sky
8,Punta Arenas,CL,-53.15,-70.9167,62.71,31,0,18.41,clear sky
9,Atuona,PF,-9.8,-139.0333,77.79,70,7,14.67,clear sky
10,Mar Del Plata,AR,-38.0023,-57.5575,77.83,88,0,9.22,clear sky
11,Bathsheba,BB,13.2167,-59.5167,84.81,70,40,24.16,scattered clouds
12,Hobart,AU,-42.8794,147.3294,48.22,73,20,14.97,few clouds
13,Pevek,RU,69.7008,170.3133,-15.5,90,100,3.4,overcast clouds
14,Port Alfred,ZA,-33.5906,26.891,64.18,95,92,4.0,overcast clouds
15,Warrnambool,AU,-38.3833,142.4833,49.62,80,92,11.9,overcast clouds
16,Hermanus,ZA,-34.4187,19.2345,64.8,78,3,17.65,clear sky
17,Vinces,EC,-1.55,-79.7333,91.11,40,100,1.88,overcast clouds
18,Knysna,ZA,-34.0363,23.0471,62.71,90,13,8.1,few clouds
19,Avarua,CK,-21.2078,-159.775,78.85,65,40,9.22,scattered clouds
20,Arequipa,PE,-16.3989,-71.535,71.67,37,20,12.66,few clouds
21,Butaritari,KI,3.0707,172.7902,80.76,76,12,11.52,light rain
22,Ipixuna,BR,-1.7625,-48.8043,86.58,59,54,4.88,broken clouds
23,Ribeira Grande,PT,38.5167,-28.7,65.77,88,40,24.0,scattered clouds
24,Obo,CF,5.3998,26.4869,73.2,55,99,4.5,overcast clouds
25,Airai,TL,-8.9266,125.4092,60.55,88,100,1.61,overcast clouds
26,Katsuura,JP,35.1333,140.3,58.64,69,100,5.82,overcast clouds
27,Upernavik,GL,72.7868,-56.1549,11.26,81,100,4.12,overcast clouds
28,Srednekolymsk,RU,67.45,153.6833,-39.23,99,69,0.96,broken clouds
29,Tuktoyaktuk,CA,69.4541,-133.0374,-25.6,75,20,2.3,few clouds
30,Lazaro Cardenas,MX,17.9583,-102.2,84.49,58,1,8.14,clear sky
31,Takoradi,GH,4.8845,-1.7554,79.48,82,6,10.09,clear sky
32,Ushuaia,AR,-54.8,-68.3,56.82,50,20,3.44,few clouds
33,Imeni Poliny Osipenko,RU,52.4201,136.4853,-5.48,100,99,0.67,overcast clouds
34,Namibe,AO,-15.1961,12.1522,70.25,85,100,7.92,overcast clouds
35,Hartford,US,41.7668,-72.7662,53.47,82,100,8.05,overcast clouds
36,Nikolskoye,RU,59.7035,30.7861,22.91,94,100,5.55,overcast clouds
37,Jamestown,US,42.097,-79.2353,50.02,78,100,9.22,overcast clouds
38,Cherskiy,RU,68.75,161.3,-24.57,97,100,1.97,overcast clouds
39,Fare,PF,-16.7,-151.0167,78.48,76,32,13.27,scattered clouds
40,Yar-Sale,RU,66.8333,70.8333,-1.26,93,85,5.46,overcast clouds
41,Castro,BR,-24.7911,-50.0119,62.92,96,99,7.65,overcast clouds
42,Bluff,NZ,-46.6,168.3333,47.71,79,100,7.27,overcast clouds
43,Sur,OM,22.5667,59.5289,76.66,62,21,4.81,few clouds
44,Port Elizabeth,ZA,-33.918,25.5701,66.49,90,40,9.22,scattered clouds
45,Kaitangata,NZ,-46.2817,169.8464,50.11,71,24,2.3,few clouds
46,Padang,ID,-0.9492,100.3543,75.94,84,100,3.47,overcast clouds
47,Sitka,US,57.0531,-135.33,30.09,86,0,0.0,clear sky
48,Udachnyy,RU,66.4167,112.4,-8.55,76,100,5.61,overcast clouds
49,Clyde River,CA,70.4692,-68.5914,-19.97,76,0,4.61,clear sky
50,Ancud,CL,-41.8697,-73.8203,67.35,57,60,5.86,broken clouds
51,Beringovskiy,RU,63.05,179.3167,19.87,87,100,7.07,overcast clouds
52,Sinnamary,GF,5.3833,-52.95,79.68,83,98,9.08,overcast clouds
53,Thompson,CA,55.7435,-97.8558,19.56,93,100,4.61,light snow
54,Saint George,US,37.1041,-113.5841,52.95,38,0,3.44,clear sky
55,Novyy Urgal,RU,51.0736,132.5642,4.82,97,100,2.01,overcast clouds
56,Lebu,CL,-37.6167,-73.65,64.96,64,0,10.49,clear sky
57,Flin Flon,CA,54.7682,-101.865,24.64,86,100,9.22,light snow
58,Shieli,KZ,44.1667,66.75,28.8,22,100,24.11,overcast clouds
59,Labuhan,ID,-6.8844,112.2051,76.77,87,99,7.38,overcast clouds
60,Puebla,MX,18.8333,-98.0,72.93,44,87,11.14,overcast clouds
61,Elko,US,41.0002,-115.5012,34.05,78,18,5.01,few clouds
62,Kruisfontein,ZA,-34.0033,24.7314,58.19,94,4,5.48,clear sky
63,Arraial Do Cabo,BR,-22.9661,-42.0278,76.96,83,75,19.57,broken clouds
64,Knyaze-Volkonskoye,RU,48.4642,135.4567,7.14,81,92,7.87,overcast clouds
65,Norman Wells,CA,65.282,-126.8329,1.44,78,100,18.41,light snow
66,Sao Francisco Do Sul,BR,-26.2433,-48.6381,73.31,88,75,12.66,mist
67,Mandera,KE,3.9366,41.867,82.4,55,64,9.42,broken clouds
68,Ati,TD,13.2154,18.3353,78.03,15,80,9.98,broken clouds
69,Innisfail,AU,-17.5333,146.0333,73.35,89,100,5.01,overcast clouds
70,Kavieng,PG,-2.5744,150.7967,82.98,72,15,8.5,few clouds
71,Kashi,CN,39.4547,75.9797,40.21,22,6,6.71,clear sky
72,Puri,IN,19.8,85.85,61.32,60,1,5.79,clear sky
73,East London,ZA,-33.0153,27.9116,65.01,83,100,9.04,overcast clouds
74,Vardo,NO,70.3705,31.1107,31.98,80,20,24.16,few clouds
75,Loksa,EE,59.5764,25.7214,28.92,90,100,7.81,overcast clouds
76,San Patricio,US,28.017,-97.5169,78.19,60,0,5.5,clear sky
77,Mosquera,CO,4.7059,-74.2302,57.29,82,75,9.22,thunderstorm
78,Mataura,NZ,-46.1927,168.8643,50.05,72,97,2.68,overcast clouds
79,Cabo San Lucas,MX,22.8909,-109.9124,81.61,47,0,1.99,clear sky
80,Los Llanos De Aridane,ES,28.6585,-17.9182,70.12,29,40,11.5,scattered clouds
81,Canete,CL,-37.8,-73.4,74.1,45,1,6.46,clear sky
82,Kenai,US,60.5544,-151.2583,15.15,84,0,4.61,clear sky
83,Luderitz,NA,-26.6481,15.1594,60.66,90,11,3.6,few clouds
84,Kahului,US,20.8947,-156.47,77.97,86,40,11.01,scattered clouds
85,Sao Joao Da Barra,BR,-21.6403,-41.0511,75.29,92,100,17.92,overcast clouds
86,Cabedelo,BR,-6.9811,-34.8339,84.87,73,18,11.41,few clouds
87,Challapata,BO,-18.9,-66.7667,63.91,15,75,12.73,broken clouds
88,Chokurdakh,RU,70.6333,147.9167,-40.61,100,91,1.32,overcast clouds
89,Bethel,US,41.3712,-73.414,51.69,83,100,3.44,moderate rain
90,Najran,SA,17.4924,44.1277,63.25,46,52,2.01,broken clouds
91,Oria,ES,43.2554,-2.0187,57.22,63,100,1.01,overcast clouds
92,Barrow,US,71.2906,-156.7887,3.22,78,100,11.5,light snow
93,Yellowknife,CA,62.456,-114.3525,10.92,85,40,11.5,scattered clouds
94,Puerto Ayora,EC,-0.7393,-90.3518,73.36,86,52,7.0,broken clouds
95,New Norfolk,AU,-42.7826,147.0587,47.88,74,73,6.44,broken clouds
96,Raub,MY,3.7899,101.857,75.7,98,64,0.69,broken clouds
97,Ahipara,NZ,-35.1667,173.1667,60.93,65,100,10.04,overcast clouds
98,Ostrovnoy,RU,68.0531,39.5131,25.97,84,89,23.69,overcast clouds
99,Severo-Kurilsk,RU,50.6789,156.125,32.18,84,86,29.75,light snow
100,Aklavik,CA,68.2191,-135.0107,-13.0,77,75,4.61,broken clouds
101,Mujiayingzi,CN,42.1167,118.7833,23.68,57,80,4.54,broken clouds
102,Avera,US,33.194,-82.5271,74.71,53,40,17.27,scattered clouds
103,Waddan,LY,29.1614,16.139,58.44,62,100,23.6,overcast clouds
104,Puerto Carreno,CO,6.189,-67.4859,87.78,66,40,6.91,thunderstorm
105,Kodiak,US,57.79,-152.4072,26.11,63,0,3.44,clear sky
106,Schwanewede,DE,53.2333,8.6,43.03,95,100,1.01,light rain
107,Poltavka,RU,54.3663,71.7632,-8.81,92,5,6.42,clear sky
108,Vaini,TO,-21.2,-175.2,80.76,89,75,4.61,broken clouds
109,Narsaq,GL,60.9167,-46.05,30.42,92,100,7.58,overcast clouds
110,Evensk,RU,61.95,159.2333,19.38,92,100,23.11,snow
111,Sapulpa,US,35.9987,-96.1142,51.69,71,100,8.05,overcast clouds
112,Bandarbeyla,SO,9.4942,50.8122,78.55,76,35,18.05,scattered clouds
113,Aksarka,RU,66.5606,67.7975,-0.45,95,42,4.25,scattered clouds
114,Pemangkat,ID,1.1667,108.9667,78.12,83,100,2.68,overcast clouds
115,Lagoa,PT,39.05,-27.9833,63.25,81,100,27.94,overcast clouds
116,Agadez,NE,19.75,10.25,69.67,27,100,7.94,overcast clouds
117,Touros,BR,-5.1989,-35.4608,80.02,72,99,12.17,overcast clouds
118,Cape Town,ZA,-33.9258,18.4232,70.38,60,0,15.01,clear sky
119,Tangzhai,CN,34.4328,116.5911,53.4,87,100,11.41,overcast clouds
120,Bredasdorp,ZA,-34.5322,20.0403,63.27,80,0,13.27,clear sky
121,Nigde,TR,37.8333,34.75,37.38,69,100,3.6,overcast clouds
122,Broome,US,42.2506,-75.833,45.46,79,100,12.66,overcast clouds
123,Busselton,AU,-33.65,115.3333,50.79,84,0,11.43,clear sky
124,Saskylakh,RU,71.9167,114.0833,-14.91,100,98,4.85,overcast clouds
125,Husavik,IS,66.0449,-17.3389,35.33,97,100,22.5,light snow
126,Lashio,MM,22.9333,97.75,59.54,98,11,1.07,few clouds
127,Mahebourg,MU,-20.4081,57.7,73.69,78,20,3.44,few clouds
128,Tasiilaq,GL,65.6145,-37.6368,24.96,61,11,7.27,few clouds
129,Ambilobe,MG,-13.2,49.05,74.05,78,92,2.37,overcast clouds
130,Ginir,ET,7.1333,40.7,57.65,66,100,5.39,overcast clouds
131,Luganville,VU,-15.5333,167.1667,81.21,78,17,6.62,light rain
132,Vao,NC,-22.6667,167.4833,75.36,77,100,15.77,overcast clouds
133,Young,UY,-32.6833,-57.6333,96.64,20,1,14.29,clear sky
134,Lasa,IT,46.6166,10.7002,38.35,60,100,1.39,overcast clouds
135,Leningradskiy,RU,69.3833,178.4167,-13.29,89,31,5.79,scattered clouds
136,Margate,GB,51.3813,1.3862,53.31,97,100,3.0,light rain
137,Vavuniya,LK,8.7514,80.4971,71.29,92,87,2.8,overcast clouds
138,San Policarpo,PH,12.1791,125.5072,80.38,85,100,12.37,overcast clouds
139,Ponta Do Sol,PT,32.6667,-17.1,71.01,77,0,5.44,clear sky
140,Shahrud,IR,36.4182,54.9763,46.67,70,12,10.07,few clouds
141,Constitucion,CL,-35.3333,-72.4167,65.14,76,14,7.52,few clouds
142,Chuy,UY,-33.6971,-53.4616,75.51,69,7,12.37,clear sky
143,Provideniya,RU,64.3833,-173.3,15.31,95,100,5.37,overcast clouds
144,Kushmurun,KZ,52.4503,64.6311,4.35,75,100,8.79,overcast clouds
145,Burnie,AU,-41.0667,145.9167,46.94,84,97,8.9,overcast clouds
146,Charters Towers,AU,-20.1,146.2667,71.87,91,100,7.47,overcast clouds
147,Belmonte,BR,-15.8631,-38.8828,76.8,90,100,14.79,light rain
148,Codrington,AU,-38.2667,141.9667,47.28,85,100,8.68,overcast clouds
149,Caravelas,BR,-17.7125,-39.2481,75.81,93,100,9.73,overcast clouds
150,Etah,IN,27.6333,78.6667,63.37,33,0,2.26,clear sky
151,Maraa,BR,-1.8333,-65.3667,81.5,88,100,2.08,overcast clouds
152,Hithadhoo,MV,-0.6,73.0833,80.69,74,100,4.05,overcast clouds
153,Sao Filipe,CV,14.8961,-24.4956,78.21,63,0,12.91,clear sky
154,Lahij,YE,13.1667,44.5833,71.73,69,39,3.51,scattered clouds
155,Ilulissat,GL,69.2167,-51.1,17.62,73,75,0.0,broken clouds
156,Carnarvon,AU,-24.8667,113.6333,70.18,74,0,18.16,clear sky
157,Hofn,IS,64.2539,-15.2082,41.0,77,100,6.71,overcast clouds
158,Souillac,MU,-20.5167,57.5167,73.78,78,20,3.44,few clouds
159,Konstantinovka,RU,49.6167,127.9833,-6.93,100,90,1.3,overcast clouds
160,Townsville,AU,-19.25,146.8,72.48,94,75,4.61,broken clouds
161,Henties Bay,NA,-22.116,14.2845,59.85,79,81,6.4,broken clouds
162,Half Moon Bay,US,37.4636,-122.4286,68.11,59,100,1.92,overcast clouds
163,Fort Nelson,CA,58.8053,-122.7002,14.95,83,100,9.22,light snow
164,Vestmannaeyjar,IS,63.4427,-20.2734,38.88,78,96,26.49,overcast clouds
165,Praia Da Vitoria,PT,38.7333,-27.0667,63.75,82,75,19.08,broken clouds
166,Prince Rupert,CA,54.3161,-130.3201,37.09,86,0,5.75,clear sky
167,Flinders,AU,-34.5833,150.8552,64.18,87,94,4.0,overcast clouds
168,Grafton,US,42.207,-71.6856,53.19,56,100,1.01,light rain
169,Salalah,OM,17.0151,54.0924,75.29,83,0,4.61,clear sky
170,Nanortalik,GL,60.1432,-45.2371,29.71,82,100,6.85,overcast clouds
171,Kardla,EE,58.9978,22.7492,27.05,87,100,7.83,overcast clouds
172,Iqaluit,CA,63.7506,-68.5145,11.93,66,100,16.11,overcast clouds
173,Altoona,US,40.5187,-78.3947,51.33,92,100,4.32,overcast clouds
174,Portland,US,45.5234,-122.6762,46.81,95,100,5.01,overcast clouds
175,Praia,CV,14.9215,-23.5087,77.54,69,0,20.71,clear sky
176,Hay River,CA,60.8156,-115.7999,8.58,78,75,21.85,light snow
177,Teknaf,BD,20.8624,92.3058,73.04,75,78,4.27,broken clouds
178,Bridgeton,US,39.4273,-75.2341,56.03,98,100,5.75,moderate rain
179,Mitsamiouli,KM,-11.3847,43.2844,78.1,77,3,9.28,clear sky
180,Severo-Yeniseyskiy,RU,60.3725,93.0408,-19.34,98,100,4.03,overcast clouds
181,Karasburg,NA,-28.0167,18.75,78.57,14,0,8.59,clear sky
182,Grand Island,US,40.925,-98.342,42.21,52,0,12.66,clear sky
183,Dhidhdhoo,MV,6.8833,73.1,80.51,73,75,6.85,broken clouds
184,Mount Isa,AU,-20.7333,139.5,74.97,88,100,4.61,overcast clouds
185,Bogorodskoye,RU,56.55,37.8833,16.86,94,100,8.7,overcast clouds
186,Serowe,BW,-22.3833,26.7167,68.88,77,56,10.22,light rain
187,Ayr,GB,55.4627,-4.6339,47.5,87,0,11.5,clear sky
188,Torbay,CA,47.6666,-52.7314,41.58,96,100,16.11,light rain
189,Rochester,US,43.1548,-77.6156,44.37,92,100,10.36,moderate rain
190,Owase,JP,34.0667,136.2,56.41,47,100,4.97,overcast clouds
191,Wanning,CN,18.8003,110.3967,77.58,93,29,8.23,scattered clouds
192,Paulo Ramos,BR,-4.2167,-45.1833,86.49,59,98,1.5,overcast clouds
193,Gat,IL,31.61,34.7642,65.39,59,100,1.81,overcast clouds
194,Soyo,AO,-6.1349,12.3689,76.17,85,100,2.91,overcast clouds
195,La Ronge,CA,55.1001,-105.2842,25.05,74,75,10.36,broken clouds
196,Dunedin,NZ,-45.8742,170.5036,51.8,79,15,1.19,few clouds
197,Solnechnyy,RU,50.7214,136.6319,8.51,94,100,1.7,overcast clouds
198,Rio Gallegos,AR,-51.6226,-69.2181,64.45,32,0,21.85,clear sky
199,Lompoc,US,34.6391,-120.4579,72.84,43,0,5.75,clear sky
200,Pilar,BR,-9.5972,-35.9567,84.13,73,43,12.77,scattered clouds
201,Macapa,BR,0.0389,-51.0664,93.18,46,75,10.36,broken clouds
202,Olafsvik,IS,64.8945,-23.7142,37.09,75,43,12.46,scattered clouds
203,Jiujiang,CN,29.7333,115.9833,65.23,93,75,5.82,broken clouds
204,Victoria,HK,22.2855,114.1577,77.95,93,61,8.01,broken clouds
205,Asfi,MA,32.2994,-9.2372,64.67,85,0,12.66,clear sky
206,Baykit,RU,61.67,96.37,-12.86,97,100,3.69,overcast clouds
207,Talea,RO,45.2167,25.55,37.02,82,100,1.54,overcast clouds
208,Minab,IR,27.1467,57.0801,68.32,77,10,0.0,clear sky
209,Biak,ID,-0.9131,122.8766,76.01,83,85,3.22,overcast clouds
210,Pachino,IT,36.7186,15.0907,57.97,80,58,35.25,broken clouds
211,Nabire,ID,-3.3667,135.4833,75.06,91,100,3.76,overcast clouds
212,Bambous Virieux,MU,-20.3428,57.7575,73.65,78,20,3.44,few clouds
213,Bataipora,BR,-22.2953,-53.2711,82.8,46,94,9.55,overcast clouds
214,Tatsuno,JP,34.8667,134.55,52.09,80,100,3.02,overcast clouds
215,Geraldton,AU,-28.7667,114.6,57.61,82,0,9.22,clear sky
216,Sakakah,SA,29.9697,40.2064,63.97,51,99,13.42,overcast clouds
217,Bonthe,SL,7.5264,-12.505,79.52,79,100,7.27,overcast clouds
218,Kavaratti,IN,10.5669,72.642,81.01,70,13,5.44,few clouds
219,Acapulco,MX,16.8634,-99.8901,84.58,63,36,8.48,scattered clouds
220,Mount Gambier,AU,-37.8333,140.7667,50.13,84,96,5.99,overcast clouds
221,Cidreira,BR,-30.1811,-50.2056,72.57,79,95,15.03,overcast clouds
222,Bindura,ZW,-17.3019,31.3306,70.36,64,100,3.18,overcast clouds
223,Kiruna,SE,67.8557,20.2251,27.52,86,100,20.71,overcast clouds
224,Tuatapere,NZ,-46.1333,167.6833,49.44,76,100,3.27,overcast clouds
225,Kaoma,ZM,-14.7833,24.8,62.28,96,100,1.48,overcast clouds
226,Agirish,RU,61.9247,63.0231,-5.49,97,28,3.71,scattered clouds
227,Bam,IR,29.106,58.357,61.79,23,0,2.84,clear sky
228,Esperance,AU,-33.8667,121.9,58.01,64,98,8.7,overcast clouds
229,Genhe,CN,50.7833,121.5167,-14.62,100,98,3.27,overcast clouds
230,Roma,US,43.2128,-75.4557,45.73,90,100,8.05,moderate rain
231,Wodonga,AU,-36.1167,146.8833,51.96,100,1,2.35,clear sky
232,Indianola,US,41.3581,-93.5574,44.56,42,100,15.08,overcast clouds
233,Lethem,GY,3.3803,-59.7968,82.63,72,100,4.76,overcast clouds
234,Howick,ZA,-29.4779,30.2306,56.68,99,100,3.29,moderate rain
235,Verkhnyaya Inta,RU,65.9811,60.3094,1.53,95,98,10.87,overcast clouds
236,Khani,GE,41.9563,42.9566,42.37,95,99,1.01,overcast clouds
237,Alta,NO,69.9689,23.2717,33.06,69,0,10.36,clear sky
238,La Asuncion,VE,11.0333,-63.8628,71.33,100,100,14.97,light rain
239,Hami,CN,42.8,93.45,8.38,37,0,13.33,clear sky
240,The Valley,AI,18.217,-63.0578,84.34,70,40,13.8,scattered clouds
241,Havelock,US,34.8791,-76.9013,75.18,90,100,16.11,overcast clouds
242,Bengkulu,ID,-3.8004,102.2655,75.63,88,100,3.22,overcast clouds
243,Hoa Binh,VN,20.8133,105.3383,74.16,97,25,2.73,scattered clouds
244,Tateyama,JP,34.9833,139.8667,60.71,66,100,4.59,overcast clouds
245,Faanui,PF,-16.4833,-151.75,79.0,75,18,13.85,few clouds
246,Coihaique,CL,-45.5752,-72.0662,81.21,29,0,8.05,clear sky
247,Todos Santos,MX,23.45,-110.2167,85.05,37,0,8.81,clear sky
248,Naron,ES,43.5167,-8.1528,57.6,76,58,14.18,broken clouds
249,Porto Novo,BJ,6.4965,2.6036,84.02,78,5,8.43,clear sky
250,Cuamba,MZ,-14.8031,36.5372,80.69,33,94,3.62,overcast clouds
251,Tabas,IR,33.5959,56.9244,62.6,25,0,2.04,clear sky
252,Kotovo,RU,50.3211,44.8012,29.52,66,100,10.98,overcast clouds
253,Morlaix,FR,48.5833,-4.0,50.07,92,20,10.36,few clouds
254,Calama,CL,-22.4667,-68.9333,77.49,12,0,28.77,clear sky
255,Oranjemund,NA,-28.55,16.4333,62.62,78,1,11.36,clear sky
256,Singaraja,ID,-8.112,115.0882,78.85,86,84,2.37,broken clouds
257,Natal,BR,-5.795,-35.2094,84.85,69,20,18.41,few clouds
258,Sabha,LY,27.0377,14.4283,55.11,46,6,10.96,clear sky
259,Yamada,JP,39.4667,141.95,39.78,68,9,5.37,clear sky
260,Muros,ES,42.7762,-9.0603,51.1,93,45,13.94,scattered clouds
261,Hilo,US,19.7297,-155.09,79.25,75,0,5.99,clear sky
262,Upington,ZA,-28.4478,21.2561,80.98,18,0,5.75,clear sky
263,Leh,IN,34.1667,77.5833,14.9,53,0,2.39,clear sky
264,Shetpe,KZ,44.1667,52.1167,40.62,72,100,11.54,overcast clouds
265,Kingsport,US,36.5484,-82.5618,68.92,50,20,29.93,few clouds
266,Kungurtug,RU,50.5994,97.5228,-24.03,98,100,1.54,overcast clouds
267,Aras,ES,42.5617,-2.356,45.03,87,75,2.3,light rain
268,Samarai,PG,-10.6167,150.6667,81.34,76,100,5.75,overcast clouds
269,Georgetown,MY,5.4112,100.3354,80.24,92,20,1.14,few clouds
270,Ruteng,ID,-8.6136,120.4721,62.71,88,99,0.38,overcast clouds
271,Port Hardy,CA,50.6996,-127.4199,41.18,87,75,12.66,broken clouds
272,Malakal,SS,9.5334,31.6605,79.57,33,64,3.33,broken clouds
273,Nome,US,64.5011,-165.4064,10.47,73,100,0.0,overcast clouds
274,Lorengau,PG,-2.0226,147.2712,81.16,75,29,6.67,scattered clouds
275,Harnai,PK,30.1005,67.9374,58.87,19,1,1.92,clear sky
276,Gold Coast,AU,-28.0,153.4333,73.47,88,100,10.36,overcast clouds
277,Tura,IN,25.5198,90.2201,59.9,86,0,3.51,clear sky
278,Hualmay,PE,-11.0964,-77.6139,71.01,74,51,8.46,broken clouds
279,Det Udom,TH,14.906,105.0784,75.02,85,20,3.8,few clouds
280,Grand Gaube,MU,-20.0064,57.6608,73.8,72,2,3.0,clear sky
281,Bubaque,GW,11.2833,-15.8333,82.47,53,100,6.53,overcast clouds
282,Hasaki,JP,35.7333,140.8333,43.2,57,100,4.94,overcast clouds
283,Lata,PT,40.1629,-8.3327,54.07,93,100,7.63,overcast clouds
284,Sosva,RU,59.1766,61.8558,-0.02,97,15,5.03,few clouds
285,Hamamatsu,JP,34.7,137.7333,55.02,84,100,1.01,overcast clouds
286,Petropavlovsk-Kamchatskiy,RU,53.0452,158.6483,28.99,100,75,4.47,snow
287,Frei Paulo,BR,-10.5494,-37.5344,78.28,71,84,14.14,light rain
288,Bambanglipuro,ID,-7.95,110.2833,74.71,96,100,1.34,overcast clouds
289,San Jose,US,37.3394,-121.895,68.67,46,75,4.0,broken clouds
290,Cockburn Town,TC,21.4612,-71.1419,80.58,69,6,11.97,clear sky
291,Vila Velha,BR,-20.3297,-40.2925,76.95,88,100,13.8,light rain
292,Sola,VU,-13.8833,167.55,81.19,76,73,12.71,light rain
293,Sambava,MG,-14.2667,50.1667,73.45,83,97,11.18,overcast clouds
294,Jardim,BR,-21.4803,-56.1381,89.82,38,21,12.57,few clouds
295,Comodoro Rivadavia,AR,-45.8667,-67.5,62.46,72,0,12.66,clear sky
296,Ridgetown,CA,42.4334,-81.8998,44.46,97,100,10.18,overcast clouds
297,Lavrentiya,RU,65.5833,-171.0,14.77,93,97,8.43,overcast clouds
298,Fortuna,US,40.5982,-124.1573,54.93,67,0,11.5,clear sky
299,Aquiraz,BR,-3.9014,-38.3911,84.29,74,100,10.92,overcast clouds
300,Saint-Joseph,RE,-21.3667,55.6167,70.18,69,3,5.73,clear sky
301,Harper,LR,4.375,-7.7169,78.93,80,34,7.74,scattered clouds
302,Puerto Madryn,AR,-42.7692,-65.0385,71.73,54,100,15.9,overcast clouds
303,Sinop,TR,41.7711,34.8709,40.28,85,15,4.07,few clouds
304,Moundsville,US,39.9203,-80.7431,61.16,82,100,14.81,overcast clouds
305,Kulhudhuffushi,MV,6.6221,73.07,80.42,72,94,6.87,overcast clouds
306,Saquarema,BR,-22.92,-42.5103,77.14,92,91,14.18,overcast clouds
307,Mayahi,NE,13.9553,7.6712,72.72,15,1,9.06,clear sky
308,Khatanga,RU,71.9667,102.5,-27.45,100,69,1.07,broken clouds
309,Bowmore,US,34.9421,-79.3031,76.84,69,75,13.8,broken clouds
310,Quatre Cocos,MU,-20.2078,57.7625,73.51,71,2,8.46,clear sky
311,Fairbanks,US,64.8378,-147.7164,10.74,87,100,0.0,light snow
312,Athabasca,CA,54.7169,-113.2854,28.81,64,100,15.52,overcast clouds
313,Saint-Pierre,RE,-21.3393,55.4781,73.9,68,0,5.75,clear sky
314,Pangnirtung,CA,66.1451,-65.7125,4.08,74,100,4.25,overcast clouds
315,Kousseri,CM,12.0769,15.0306,75.16,43,89,5.75,overcast clouds
316,Grand Forks,US,47.9417,-97.4337,30.78,74,0,6.91,clear sky
317,Gondar,ET,12.6,37.4667,60.93,55,99,4.79,overcast clouds
318,Shelopugino,RU,51.6514,117.5599,-14.01,100,100,0.38,overcast clouds
319,Necochea,AR,-38.5473,-58.7368,69.67,72,98,15.95,overcast clouds
320,Qaanaaq,GL,77.484,-69.3632,-10.25,70,15,6.82,few clouds
321,Khuzdar,PK,27.7384,66.6434,56.64,18,0,2.71,clear sky
322,Makakilo City,US,21.3469,-158.0858,77.45,62,0,4.61,clear sky
323,Juneau,US,58.3019,-134.4197,28.4,100,75,0.0,broken clouds
324,Phultala,BD,22.7,89.5167,64.67,57,5,2.95,clear sky
325,Bali,ID,-8.5,115.0,77.97,91,81,4.76,moderate rain
326,Lima,PE,-12.0432,-77.0282,68.25,73,100,9.22,overcast clouds
327,Pijijiapan,MX,15.7011,-93.23,83.95,79,63,5.08,moderate rain
328,Pacific Grove,US,36.6177,-121.9166,65.55,60,0,8.01,clear sky
329,Whitehorse,CA,60.7161,-135.0538,16.57,78,100,6.91,light snow
330,Douentza,ML,14.9951,-2.9517,78.49,13,100,4.27,overcast clouds
331,Cortez,US,37.3489,-108.5859,43.7,42,0,10.36,clear sky
332,Talaya,RU,61.3833,152.75,-16.02,99,100,6.73,light snow
333,Dondo,MZ,-19.6094,34.7431,80.11,89,100,3.67,light rain
334,Alofi,NU,-19.0595,-169.9187,80.49,74,91,11.5,overcast clouds
335,Batsfjord,NO,70.6345,29.7185,30.13,88,82,16.78,broken clouds
336,Vilyuysk,RU,63.7553,121.6247,-33.57,99,90,2.39,overcast clouds
337,Cairns,AU,-16.9167,145.7667,79.07,97,40,3.44,scattered clouds
338,Youghal,IE,51.95,-7.8506,50.09,84,86,18.72,overcast clouds
339,Atambua,ID,-9.1061,124.8925,74.21,85,100,0.76,overcast clouds
340,Carayao,PY,-25.1833,-56.4,87.3,55,5,5.08,clear sky
341,Dubbo,AU,-32.25,148.6167,59.13,82,100,4.61,overcast clouds
342,Le Moule,GP,16.3332,-61.3473,84.24,76,17,16.71,few clouds
343,Gramado,BR,-29.3786,-50.8739,73.87,83,61,7.25,broken clouds
344,Camana,PE,-16.6228,-72.7111,70.57,75,56,5.55,broken clouds
345,Jumla,NP,29.2747,82.1838,43.16,58,0,4.92,clear sky
346,Peace River,CA,56.2501,-117.286,16.11,85,100,18.41,light snow
347,Dikson,RU,73.5069,80.5464,9.23,98,100,3.22,overcast clouds
348,Bud,US,39.447,-86.1758,50.68,93,100,20.71,light rain
349,Vanderhoof,CA,54.0166,-124.0198,24.75,66,100,7.36,overcast clouds
350,Cantanhede,BR,-3.6333,-44.3767,83.75,64,100,3.74,overcast clouds
351,Zemio,CF,5.0314,25.1361,72.59,56,91,3.36,overcast clouds
352,Ketchikan,US,55.3422,-131.6461,36.07,75,0,4.61,clear sky
353,Moranbah,AU,-22.0016,148.0466,72.46,86,100,7.4,overcast clouds
354,Havre-Saint-Pierre,CA,50.2334,-63.5986,35.96,87,100,8.05,overcast clouds
355,Nishihara,JP,26.1842,127.7558,76.28,78,75,13.8,broken clouds
356,Meulaboh,ID,4.1363,96.1285,76.19,87,100,2.42,overcast clouds
357,Canoinhas,BR,-26.1772,-50.39,62.71,98,100,5.37,overcast clouds
358,Broken Hill,AU,-31.95,141.4333,55.81,68,7,14.72,clear sky
359,Talnakh,RU,69.4865,88.3972,1.2,98,100,10.27,light snow
360,Port Blair,IN,11.6667,92.75,79.32,80,75,5.73,broken clouds
361,Normandin,CA,48.8333,-72.5321,39.51,87,100,4.61,overcast clouds
362,Bhanpura,IN,24.513,75.7469,65.37,33,0,3.89,clear sky
363,Miandrivazo,MG,-19.5167,45.4667,80.87,61,1,2.66,clear sky
364,Chicama,PE,-7.8447,-79.1469,68.54,62,57,10.09,broken clouds
365,Warri,NG,5.5167,5.75,78.62,81,91,4.94,overcast clouds
366,Zabol,AF,32.25,67.25,43.43,34,25,0.76,scattered clouds
367,Pasighat,IN,28.0667,95.3333,59.54,46,0,3.47,clear sky
368,Talara,PE,-4.5772,-81.2719,79.56,57,0,13.8,clear sky
369,Dabakala,CI,8.3667,-4.4333,80.94,31,95,3.2,overcast clouds
370,Camacha,PT,33.0833,-16.3333,65.62,73,40,10.36,scattered clouds
371,Kamalpur,IN,24.2,91.8333,66.74,76,94,1.92,overcast clouds
372,Hvide Sande,DK,56.0045,8.1294,44.15,91,100,21.34,overcast clouds
373,Pushchino,RU,54.8339,37.6264,27.01,95,100,10.18,overcast clouds
374,Hervey Bay,AU,-25.2986,152.8535,76.12,74,100,14.41,overcast clouds
375,Gamba,GA,-2.65,10.0,76.73,88,100,4.76,moderate rain
376,Scalea,IT,39.813,15.7956,54.99,66,7,8.99,clear sky
377,Bulungu,CD,-4.55,18.6,69.46,96,91,1.39,overcast clouds
378,Shihezi,CN,44.3,86.0333,3.69,70,6,5.57,clear sky
379,Igarka,RU,67.4667,86.5833,-3.3,98,99,11.07,overcast clouds
380,Pozo Colorado,PY,-23.4923,-58.7972,96.33,26,0,8.9,clear sky
381,Gagarin,RU,55.5529,34.9954,26.28,95,100,10.02,light snow
382,Payson,US,40.0444,-111.7321,44.26,54,0,5.75,clear sky
383,Anadyr,RU,64.75,177.4833,12.7,79,40,17.9,scattered clouds
384,Coyah,GN,9.75,-13.4167,77.45,68,100,3.27,overcast clouds
385,Araguacu,BR,-12.9306,-49.8264,79.25,82,90,4.07,overcast clouds
386,Isangel,VU,-19.55,169.2667,79.65,77,18,6.96,few clouds
387,Mariinskiy Posad,RU,56.115,47.718,18.54,98,68,4.56,broken clouds
388,Sainte-Rose,GP,16.3324,-61.6979,84.24,65,75,16.11,broken clouds
389,Cayenne,GF,4.9333,-52.3333,80.64,83,75,3.44,broken clouds
390,Saldanha,ZA,-33.0117,17.9442,68.05,76,8,17.29,clear sky
391,Auki,SB,-8.7676,160.7034,78.24,87,59,4.99,broken clouds
392,Heidenau,DE,50.9722,13.8674,42.12,91,0,10.36,clear sky
393,Abu Dhabi,AE,24.4667,54.3667,80.71,66,0,6.91,clear sky
394,Mlonggo,ID,-6.5333,110.7,77.92,85,100,4.97,overcast clouds
395,Qasigiannguit,GL,68.8193,-51.1922,9.86,83,98,4.25,overcast clouds
396,Tutoia,BR,-2.7619,-42.2744,81.41,75,100,9.6,overcast clouds
397,Vostok,RU,46.4856,135.8833,6.06,95,92,3.65,overcast clouds
398,Iskateley,RU,67.6803,53.1512,14.13,88,100,12.33,overcast clouds
399,Riyadh,SA,24.6877,46.7219,71.74,29,0,6.11,clear sky
400,Fukue,JP,32.6881,128.8419,67.68,75,91,21.74,overcast clouds
401,Podor,MR,16.6527,-14.9587,85.95,35,0,2.3,clear sky
402,Mersing,MY,2.4312,103.8405,76.91,94,40,2.3,scattered clouds
403,Kwinana,AU,-32.25,115.7667,60.19,63,0,10.65,clear sky
404,Rantepao,ID,-2.9701,119.8978,67.12,93,100,2.13,overcast clouds
405,Aksu,CN,41.1231,80.2644,27.81,28,0,7.72,clear sky
406,Banda Aceh,ID,5.5577,95.3222,78.87,82,92,5.95,moderate rain
407,Surt,LY,31.2089,16.5887,63.73,75,83,11.9,light rain
408,Karratha,AU,-20.7377,116.8463,79.25,43,13,14.56,few clouds
409,Luba,GQ,3.4568,8.5547,79.97,80,99,9.04,overcast clouds
410,Yagodnoye,RU,62.55,149.6667,-12.71,98,100,4.41,overcast clouds
411,Okhotsk,RU,59.3833,143.3,-5.89,84,3,25.7,clear sky
412,San Carlos De Bariloche,AR,-41.1456,-71.3082,87.55,22,20,6.91,few clouds
413,Guaratinga,BR,-16.5667,-39.5667,76.06,92,100,4.47,overcast clouds
414,Visnes,NO,59.3556,5.2242,49.21,93,100,14.97,overcast clouds
415,Champerico,GT,14.3,-91.9167,90.14,73,100,4.47,light rain
416,Tanout,NE,14.9709,8.8879,71.58,19,59,10.33,broken clouds
417,Tabou,CI,4.423,-7.3528,78.4,82,16,7.72,few clouds
418,Bairiki,KI,1.3292,172.9752,80.6,78,40,4.61,light rain
419,Thinadhoo,MV,0.5333,72.9333,80.17,75,100,5.59,overcast clouds
420,Hamilton,US,39.1834,-84.5333,54.81,77,100,14.0,overcast clouds
421,Rundu,NA,-17.9333,19.7667,72.64,66,32,6.55,light rain
422,Northam,GB,51.0333,-4.2167,49.39,89,70,13.56,broken clouds
423,Nileshwar,IN,12.25,75.1,76.87,86,18,4.36,few clouds
424,Nsanje,MW,-16.92,35.262,81.43,57,70,8.03,broken clouds
425,Ayan,RU,56.45,138.1667,-0.47,85,0,17.05,clear sky
426,Aberdeen,GB,57.1437,-2.0981,49.19,84,20,12.66,few clouds
427,Hunterville,NZ,-39.9333,175.5667,55.69,93,97,6.33,overcast clouds
428,Mnogovershinnyy,RU,53.9353,139.9242,7.88,90,90,11.63,light snow
429,Bar Harbor,US,44.3876,-68.2039,51.53,71,0,10.36,clear sky
430,Dawson,US,31.7735,-84.4466,70.18,44,4,16.06,clear sky
431,Paoua,CF,7.2427,16.4406,73.99,31,13,3.0,few clouds
432,Yazman,PK,29.1212,71.7446,64.49,20,29,1.45,scattered clouds
433,Stornoway,GB,58.2093,-6.3865,50.94,78,100,20.71,overcast clouds
434,Kushiro,JP,42.975,144.3747,34.45,71,54,4.5,broken clouds
435,Nador,MA,35.174,-2.9287,61.05,77,0,6.91,clear sky
436,Sitio Novo Do Tocantins,BR,-5.5183,-47.4611,91.33,58,40,6.91,scattered clouds
437,San Jeronimo,PE,-11.9472,-75.2829,62.08,49,100,7.65,overcast clouds
438,Yicheng,CN,31.3705,119.8703,60.93,88,87,9.08,overcast clouds
439,Vila Franca Do Campo,PT,37.7167,-25.4333,64.2,78,26,10.92,scattered clouds
440,Port Lincoln,AU,-34.7333,135.8667,54.72,73,59,9.66,broken clouds
441,Grindavik,IS,63.8424,-22.4338,36.07,80,20,16.11,few clouds
442,Guerrero Negro,MX,27.9769,-114.0611,71.06,42,0,5.55,clear sky
443,Charlestown,AU,-32.95,151.6667,66.72,96,96,4.0,overcast clouds
444,Santa Cruz,BO,-17.8,-63.1667,101.66,23,20,10.36,few clouds
445,Axim,GH,4.8699,-2.2405,79.48,80,15,8.48,few clouds
446,Xichang,CN,27.8964,102.2634,45.27,72,0,1.28,clear sky
447,San Rafael,AR,-34.6177,-68.3301,98.92,13,5,20.51,clear sky
448,Ust-Tsilma,RU,65.441,52.1498,0.14,94,89,4.07,overcast clouds
449,Xining,CN,36.6167,101.7667,25.41,62,4,6.51,clear sky
450,Long Beach,US,33.767,-118.1892,75.85,51,40,5.01,scattered clouds
451,Waw,SS,7.7029,27.9953,80.26,32,99,3.98,overcast clouds
452,Pouso Alegre,BR,-22.23,-45.9364,68.67,75,90,4.23,overcast clouds
453,Hovd,MN,48.0056,91.6419,-6.99,90,90,1.7,overcast clouds
454,Halifax,CA,44.6453,-63.5724,48.69,65,100,6.91,overcast clouds
455,Homer,US,59.6425,-151.5483,21.04,74,100,9.53,overcast clouds
456,Letterkenny,IE,54.95,-7.7333,46.33,87,100,12.48,overcast clouds
457,Morondava,MG,-20.2833,44.2833,80.13,72,37,11.97,scattered clouds
458,La Palma,US,33.8464,-118.0467,76.91,48,40,4.61,scattered clouds
459,Waipawa,NZ,-41.4122,175.5153,50.58,86,100,9.62,overcast clouds
460,Yevlax,AZ,40.6089,47.1492,46.38,87,0,0.0,clear sky
461,Nouadhibou,MR,20.931,-17.0347,69.78,73,0,16.11,sand
462,Arlit,NE,18.7369,7.3853,74.95,21,100,7.9,overcast clouds
463,Sioux Lookout,CA,50.1001,-91.917,28.47,69,100,0.0,overcast clouds
464,Altea,ES,38.5989,-0.0514,60.69,69,30,11.77,scattered clouds
465,Vanino,RU,49.0869,140.2543,19.98,52,100,8.41,overcast clouds
466,Batagay-Alyta,RU,67.8006,130.4114,-28.82,98,95,1.77,overcast clouds
467,Ilebo,CD,-4.3167,20.5833,70.59,90,100,1.3,overcast clouds
468,Neiafu,TO,-18.65,-173.9833,81.28,89,40,9.22,scattered clouds
469,Ambon,ID,-3.6954,128.1814,76.23,16,40,5.75,scattered clouds
470,Kjollefjord,NO,70.9457,27.3465,35.65,86,0,13.8,clear sky
471,Deqing,CN,30.5448,119.9599,59.95,95,33,3.0,scattered clouds
472,San Pedro,PH,14.35,121.0167,78.35,80,20,0.0,few clouds
473,Mildura,AU,-34.2,142.15,48.07,81,0,9.73,clear sky
474,Marzuq,YE,14.4,46.4667,63.75,48,52,0.94,broken clouds
475,Laguna,US,38.421,-121.4238,66.31,47,0,9.22,clear sky
476,San Cristobal,VE,7.7669,-72.225,75.38,90,100,0.51,overcast clouds
477,Itoman,JP,26.1247,127.6694,77.02,78,75,12.66,broken clouds
478,Dali,CN,25.7,100.1833,45.32,77,0,5.35,clear sky
479,Petropavl,KZ,54.8753,69.1628,-5.17,87,3,6.89,clear sky
480,Terney,RU,45.0503,136.6092,23.22,61,84,6.51,broken clouds
481,West Wendover,US,40.7391,-114.0733,29.41,80,100,3.44,overcast clouds
482,Popondetta,PG,-8.7537,148.2534,73.6,97,100,1.63,light rain
483,Qaqortoq,GL,60.7167,-46.0333,24.82,90,100,7.76,overcast clouds
484,Tucurui,BR,-3.7661,-49.6725,88.48,54,79,2.1,broken clouds
485,Marienburg,PL,54.0359,19.0266,40.89,91,81,5.7,broken clouds
486,Pangai,TO,-19.8,-174.35,82.51,74,40,6.91,scattered clouds
487,Kangaatsiaq,GL,68.3065,-53.4641,16.23,91,98,9.24,overcast clouds
488,Linjiang,CN,41.8069,126.9078,34.74,98,100,2.21,snow
489,Alyangula,AU,-13.8483,136.4192,82.63,76,100,6.15,overcast clouds
490,Yerbogachen,RU,61.2767,108.0108,-19.52,92,100,9.17,overcast clouds
491,Korla,CN,41.7597,86.1469,23.18,29,78,4.09,broken clouds
492,Vidim,RU,56.4088,103.1106,-15.02,92,100,5.35,overcast clouds
493,Akdagmadeni,TR,39.6603,35.8836,36.9,79,100,3.18,overcast clouds
494,Seoul,KR,37.5683,126.9778,53.04,51,0,9.22,clear sky
495,Vacaville,US,38.3566,-121.9877,66.25,39,0,4.61,clear sky
496,Tiksi,RU,71.6872,128.8694,-28.57,99,87,7.07,overcast clouds
497,Bandiagara,ML,14.3501,-3.6104,78.31,13,100,6.87,overcast clouds
498,Clarksburg,US,39.2807,-80.3445,64.45,72,47,16.8,scattered clouds
499,Alice Springs,AU,-23.7,133.8833,65.75,82,13,4.61,few clouds
500,Faya,SA,18.3851,42.4509,57.31,64,2,2.75,clear sky
501,Bull Savanna,JM,17.8868,-77.5902,82.94,63,0,12.93,clear sky
502,Viedma,AR,-40.8135,-62.9967,84.49,42,64,12.37,broken clouds
503,Nuuk,GL,64.1835,-51.7216,27.66,77,100,9.93,overcast clouds
504,Egvekinot,RU,66.3167,-179.1667,-4.18,82,62,2.66,broken clouds
505,Lucapa,AO,-8.4192,20.7447,63.63,98,100,0.43,overcast clouds
506,Yangambi,CD,0.8102,24.4336,67.51,97,87,2.66,overcast clouds
507,Kyra,RU,49.5776,111.9753,-3.28,72,100,11.36,overcast clouds
508,Morrope,PE,-6.5417,-80.0111,75.31,56,14,15.5,few clouds
509,Ordzhonikidze,KZ,52.4411,61.7408,7.79,83,100,9.82,overcast clouds
510,Rawson,AR,-43.3002,-65.1023,70.79,59,86,15.75,overcast clouds
511,Panguna,PG,-6.3164,155.4848,69.87,96,100,1.39,overcast clouds
512,Saint-Denis,FR,48.9167,2.3333,49.78,78,75,10.36,light rain
513,Havoysund,NO,70.9963,24.6622,35.83,79,11,6.78,few clouds
514,Namatanai,PG,-3.6667,152.4333,79.88,75,44,4.34,scattered clouds
515,Edeia,BR,-17.3383,-49.9314,89.98,30,75,4.9,broken clouds
516,Sorland,NO,67.667,12.6934,44.46,71,98,8.61,overcast clouds
517,Arroyo,ES,41.6096,-4.7969,49.14,87,100,12.66,mist
518,Deputatskiy,RU,69.3,139.9,-35.46,93,64,4.05,broken clouds
519,Araceli,PH,10.5529,119.9913,83.35,69,12,18.3,few clouds
520,Wenling,CN,28.3669,121.36,62.26,93,12,3.06,few clouds
521,Paratinga,BR,-12.6906,-43.1842,76.39,78,99,4.72,overcast clouds
522,Banjarmasin,ID,-3.3244,114.591,77.14,94,42,1.03,scattered clouds
523,Rudnogorsk,RU,57.2639,103.7519,-16.15,90,100,7.02,overcast clouds
524,Mossendjo,CG,-2.9506,12.7261,69.73,98,96,0.72,light rain
525,Fomboni,KM,-12.28,43.7425,79.32,75,0,11.65,clear sky
526,Vanavara,RU,60.34,102.2797,-17.72,96,100,8.46,overcast clouds
527,Eyl,SO,7.9803,49.8164,78.48,78,31,14.76,scattered clouds
528,Vanimo,PG,-2.6741,141.3028,77.0,88,94,3.65,overcast clouds
529,Exeter,GB,50.7236,-3.5275,49.62,95,36,6.76,scattered clouds
530,De-Kastri,RU,51.4667,140.7833,5.09,93,17,5.86,few clouds
531,Benguela,AO,-12.5763,13.4055,78.15,82,99,3.06,light rain
532,Baglung,NP,28.2719,83.5898,54.72,71,0,4.72,clear sky
533,Bay Roberts,CA,47.5999,-53.2648,42.33,95,99,5.99,overcast clouds
534,Yantal,RU,56.8471,105.2542,-14.22,93,100,7.0,overcast clouds
535,Saiha,IN,22.4833,92.9667,65.3,94,40,2.64,scattered clouds
536,Shingu,JP,33.7333,135.9833,54.28,60,100,4.41,overcast clouds
537,Raymondville,US,26.4815,-97.7831,79.95,57,0,9.51,clear sky
538,Bhikangaon,IN,21.8667,75.95,63.55,39,0,5.32,clear sky
539,Zhigansk,RU,66.7697,123.3711,-26.68,96,100,13.11,overcast clouds
540,Kondoa,TZ,-4.9,35.7833,65.97,74,21,6.49,few clouds
541,Moron,AR,-34.6534,-58.6198,91.94,54,3,10.65,clear sky
542,Hailar,CN,49.2,119.7,-8.75,100,100,1.72,overcast clouds
543,Puerto Leguizamo,CO,-0.1934,-74.7819,77.72,89,100,0.72,heavy intensity rain
544,Wajid,SO,3.8093,43.2471,77.63,59,94,7.45,overcast clouds
545,Kryve Ozero,UA,47.9524,30.3493,33.15,90,100,6.4,overcast clouds
546,Tautira,PF,-17.7333,-149.15,77.23,77,59,11.14,broken clouds
547,Suicheng,CN,33.8963,117.9331,60.42,90,100,4.7,overcast clouds
548,Waingapu,ID,-9.6567,120.2641,79.84,83,100,4.32,overcast clouds
549,Tighina,MD,46.8306,29.4711,39.97,81,100,5.99,overcast clouds
550,Hatillo,PR,18.4863,-66.8254,83.1,74,93,8.99,overcast clouds
551,Rangapara,IN,26.8167,92.65,58.91,65,0,4.97,clear sky
552,Arang,IN,21.2,81.9667,59.92,52,0,1.45,clear sky
553,Damghan,IR,36.1683,54.348,49.26,64,4,5.14,clear sky
554,Pryozerne,UA,45.2698,36.3303,46.63,89,97,5.03,overcast clouds
555,Navirai,BR,-23.065,-54.1906,81.43,52,92,8.25,overcast clouds
556,Kaabong,UG,3.4836,34.1492,70.3,52,29,11.92,scattered clouds
557,Manturovo,RU,58.3353,44.7619,8.11,97,72,3.69,broken clouds
558,Novopokrovka,UA,49.8425,36.5477,36.99,95,100,7.61,overcast clouds
559,Goderich,CA,43.7501,-81.7165,41.92,93,100,10.36,moderate rain
560,Aswan,EG,24.0934,32.907,72.7,46,0,4.61,clear sky
561,Kamaishi,JP,39.2667,141.8833,41.29,70,4,6.11,clear sky
562,Sao Miguel Do Iguacu,BR,-25.3481,-54.2378,89.04,57,53,7.31,broken clouds
563,Port Augusta,AU,-32.5,137.7667,55.83,64,3,9.17,clear sky
564,Paka,MY,4.6374,103.4368,75.38,100,62,1.14,broken clouds
565,Krasnyy Yar,RU,46.5331,48.3456,33.73,55,100,11.97,overcast clouds
566,Gien,FR,47.6933,2.6309,48.51,53,100,7.11,overcast clouds
567,Sayansk,RU,54.1088,102.1648,-10.53,88,100,7.34,overcast clouds
568,Khash,IR,28.2211,61.2158,54.18,24,4,3.04,clear sky
569,San Ramon,US,37.7799,-121.978,66.38,45,97,1.01,overcast clouds
570,Mugango,TZ,-1.6833,33.7,75.38,73,85,1.66,overcast clouds
571,Kargasok,RU,59.0556,80.8572,-4.36,88,100,7.83,overcast clouds
572,Icod De Los Vinos,ES,28.3724,-16.7119,72.21,84,55,12.08,broken clouds
573,Ust-Uda,RU,54.1742,103.0304,-10.88,81,100,7.36,overcast clouds
574,Hautcharage,LU,49.5775,5.9108,42.49,88,100,5.99,overcast clouds
575,Lekoni,GA,-1.5843,14.2591,72.5,88,76,2.51,light rain
576,Roald,NO,62.5833,6.1333,50.14,66,20,4.61,few clouds
577,Inta,RU,66.0317,60.1659,1.83,95,100,12.68,overcast clouds
578,Belyy Yar,RU,53.6039,91.3903,-9.51,84,75,6.71,broken clouds
579,Khawhai,IN,23.3667,93.1167,57.2,83,100,1.21,overcast clouds
580,Amiens,FR,49.9,2.3,49.24,87,100,13.47,light rain
581,Morehead,US,37.2711,-87.1764,51.55,76,100,17.27,overcast clouds
582,Carman,CA,49.4992,-98.0016,34.14,80,100,13.8,overcast clouds
583,Conceicao Do Araguaia,BR,-8.2578,-49.2647,82.72,70,98,3.0,overcast clouds
584,Barstow,US,34.8986,-117.0228,64.17,22,49,1.79,scattered clouds
585,Manpur,IN,22.4333,75.6167,62.49,35,0,4.18,clear sky
586,Hargeysa,SO,9.56,44.065,62.98,75,51,6.78,broken clouds
587,Alma,CA,48.5501,-71.6491,40.21,87,100,5.75,overcast clouds
588,Igrim,RU,63.1906,64.4162,0.23,96,100,3.47,overcast clouds
589,Danielskuil,ZA,-28.1887,23.5395,71.78,24,1,7.65,clear sky
590,Gazojak,TM,41.1875,61.4036,41.49,43,52,8.28,broken clouds
591,Kushima,JP,31.4583,131.2333,61.65,73,100,3.22,overcast clouds
592,Wagga Wagga,AU,-35.1167,147.3667,52.84,84,3,3.8,clear sky
593,Adeje,ES,28.1227,-16.726,70.11,58,0,12.66,clear sky
594,Aasiaat,GL,68.7098,-52.8699,8.51,97,100,7.07,overcast clouds
595,Rabo De Peixe,PT,37.8,-25.5833,63.28,98,75,14.97,broken clouds
596,Holeby,DK,54.7115,11.4642,45.05,85,100,16.93,light rain
597,Cookeville,US,36.1628,-85.5016,54.52,68,100,17.27,overcast clouds
598,Mongo,TD,12.1844,18.693,77.79,20,100,4.79,overcast clouds
599,Ponta Delgada,PT,37.7333,-25.6667,64.51,82,75,14.97,broken clouds
600,Kimbe,PG,-5.5502,150.1429,76.44,92,100,2.75,light rain
601,Sturgeon Bay,US,44.8342,-87.377,40.96,75,100,17.27,overcast clouds
602,Chiang Kham,TH,19.5233,100.3,68.77,98,25,1.28,scattered clouds
603,Nanakuli,US,21.3906,-158.1547,79.43,66,99,4.36,overcast clouds
604,Lahaina,US,20.8783,-156.6825,78.94,89,100,3.49,overcast clouds
605,Svetlogorsk,BY,52.6333,29.7333,31.59,99,100,1.77,light snow
606,Trincomalee,LK,8.5711,81.2335,79.25,75,60,6.02,broken clouds
607,Marawi,PH,7.9986,124.2928,67.1,96,99,0.76,overcast clouds
608,Vijapur,IN,23.5667,72.75,64.83,32,0,4.85,clear sky
609,Bagtic,PH,9.6864,123.0122,73.9,90,32,5.68,scattered clouds
610,Akhtanizovskaya,RU,45.32,37.1,43.27,90,96,6.15,overcast clouds
611,Kaduqli,SD,11.0167,29.7167,78.24,29,98,5.64,overcast clouds
612,Bom Jesus,BR,-9.0744,-44.3586,83.89,60,54,0.29,broken clouds
613,Damavand,IR,35.7178,52.065,38.59,68,1,7.07,clear sky
614,Clarence Town,AU,-32.5833,151.7833,67.8,90,97,4.81,overcast clouds
615,Mayo,US,38.8876,-76.5119,60.26,94,100,18.41,overcast clouds
616,Idlib,SY,35.9306,36.6339,51.39,76,98,7.25,overcast clouds
617,Casablanca,MA,33.5928,-7.6192,64.74,93,0,6.91,clear sky
618,Sabya,SA,17.1495,42.6254,82.02,70,10,1.1,clear sky
619,Mehran,IR,33.1222,46.1646,64.18,51,100,9.15,overcast clouds
620,Rio Grande,BR,-32.035,-52.0986,82.51,77,0,14.76,clear sky
621,Bobo Dioulasso,BF,11.1771,-4.2979,77.45,33,100,4.61,dust
622,Skibbereen,IE,51.55,-9.2667,50.11,82,17,22.79,few clouds
623,Itarema,BR,-2.9248,-39.9167,81.19,72,100,14.65,overcast clouds
624,Potiskum,NG,11.7091,11.0694,71.42,18,99,8.32,overcast clouds
625,Lutin,CZ,49.5584,17.1357,35.94,91,34,3.53,scattered clouds
626,Kholodnyy,RU,62.7167,147.95,-13.88,98,100,4.03,overcast clouds
627,Prabumulih,ID,-3.45,104.25,72.84,99,99,2.19,moderate rain
628,Freeport,US,40.6576,-73.5832,54.97,85,100,14.97,moderate rain
629,Sheridan,US,44.8333,-106.9173,42.31,70,71,0.67,broken clouds
630,Corner Brook,CA,48.9667,-57.9484,35.76,100,100,2.71,overcast clouds
631,Ngunguru,NZ,-35.6167,174.5,60.1,65,100,10.63,overcast clouds
632,Rio Bananal,BR,-19.265,-40.3333,75.18,89,100,8.39,light rain
633,Buala,SB,-8.145,159.5921,80.64,83,85,4.99,light rain
634,Krasnaya Gorbatka,RU,55.8703,41.7641,12.74,96,73,6.49,broken clouds
635,Belaya Gora,RU,68.5333,146.4167,-35.84,100,97,0.69,overcast clouds
636,Basco,PH,20.4487,121.9702,80.91,77,79,18.84,broken clouds
637,Carauari,BR,-4.8828,-66.8958,77.68,82,100,3.53,overcast clouds
638,Matamoros,MX,25.5333,-103.25,74.1,17,0,1.72,clear sky
639,Svetlaya,RU,46.5389,138.3297,19.76,67,9,7.83,clear sky
640,Celestun,MX,20.8667,-90.4,85.68,63,11,7.99,few clouds
641,Teguldet,RU,57.3064,88.1667,-8.72,94,100,7.83,overcast clouds
642,Podyuga,RU,61.095,40.8647,10.35,97,97,3.83,overcast clouds
643,Port Keats,AU,-14.25,129.55,79.86,83,100,8.66,overcast clouds
644,Jinotega,NI,13.0917,-86.0018,80.08,65,40,0.0,scattered clouds
645,Filingue,NE,14.3521,3.3168,77.56,12,80,6.06,broken clouds
646,Kathmandu,NP,27.7167,85.3167,52.02,93,20,0.0,few clouds
647,General Pico,AR,-35.6566,-63.7568,105.28,13,20,13.78,few clouds
648,Zhangye,CN,38.9342,100.4517,12.67,86,83,1.54,broken clouds
649,Duku,NG,11.2361,4.9073,77.29,22,2,4.79,clear sky
650,College,US,64.8569,-147.8028,10.72,86,100,0.0,light snow
651,Raudeberg,NO,61.9875,5.1352,48.87,71,90,15.84,overcast clouds
652,Griffith,US,41.5284,-87.4237,46.33,87,100,16.11,overcast clouds
653,Hong Gai,VN,20.956,107.0946,78.71,96,47,7.25,scattered clouds
654,Siwana,IN,25.6333,72.4167,66.09,19,0,2.53,clear sky
655,Villazon,BO,-22.0866,-65.5942,64.27,20,43,24.43,scattered clouds
656,Kasongo,CD,-4.45,26.6667,65.89,95,100,1.81,overcast clouds
657,Tongzi,CN,28.7829,105.0877,64.87,72,100,3.87,overcast clouds
658,Ladispoli,IT,41.9537,12.0735,53.58,72,11,5.61,few clouds
659,Almaty,KZ,43.25,76.95,4.91,85,100,2.24,mist
660,Haines Junction,CA,60.7522,-137.5108,15.75,57,100,6.91,overcast clouds
661,Pontes E Lacerda,BR,-15.2261,-59.3353,100.87,16,0,6.31,clear sky
662,Cap-Aux-Meules,CA,47.3821,-61.8597,39.25,75,40,14.97,scattered clouds
663,Tougan,BF,13.0667,-3.0667,78.6,17,100,6.6,overcast clouds
664,Daru,PG,-9.0763,143.2092,77.47,85,86,4.68,overcast clouds
665,Chake Chake,TZ,-5.2459,39.7666,76.14,86,17,5.39,few clouds
666,Blackpool,GB,53.8167,-3.05,48.9,87,20,11.5,few clouds
667,Palana,RU,59.1167,159.9667,32.0,76,100,13.71,overcast clouds
668,Winnemucca,US,40.973,-117.7357,44.08,53,13,7.61,few clouds
669,Conakry,GN,9.538,-13.6773,81.75,65,100,10.13,overcast clouds
670,Angren,UZ,41.0167,70.1436,49.69,42,19,5.77,few clouds
671,Worthington,US,40.0931,-83.018,55.58,78,100,27.63,overcast clouds
672,Mezhdurechensk,RU,53.6942,88.0603,-14.17,98,29,1.66,scattered clouds
673,Sao Gabriel Da Cachoeira,BR,-0.1303,-67.0892,89.4,62,20,3.44,few clouds
674,Stutterheim,ZA,-32.5708,27.424,54.77,99,100,3.89,light rain
675,Desaguadero,PE,-16.5656,-69.0417,55.26,44,73,20.15,broken clouds
676,Westport,US,41.1415,-73.3579,55.22,84,100,5.01,heavy intensity rain
677,Itaituba,BR,-4.2761,-55.9836,87.96,66,40,3.44,scattered clouds
678,Pontianak,ID,-0.0333,109.3333,73.38,100,40,1.14,scattered clouds
679,Bintulu,MY,3.1667,113.0333,75.61,88,20,5.01,few clouds
680,Sovetsk,RU,55.0839,21.8785,31.01,97,100,5.3,overcast clouds
681,Seymour,US,38.9592,-85.8903,51.75,89,100,5.01,overcast clouds
